INSERT INTO public.users(id, name, email) VALUES 
('1', 'Adi', 'adi@gmail.com'),
('2', 'Budi', 'budi@gmail.com'),
('3', 'Cinta', 'cinta@gmail.com'),
('4', 'Devi', 'devi@gmail.com');

INSERT INTO public.projects(id, name) VALUES 
('1', 'Project A'),
('2', 'Project B');

INSERT INTO public.attendance_list(attendance_date, total_hour, user_id, project_id) VALUES 
('2023-11-01', '8', '1', '1'),
('2023-11-02', '8', '1', '1'),
('2023-11-03', '8', '1', '1'),
('2023-11-06', '8', '1', '1'),
('2023-11-07', '8', '1', '1'),
('2023-11-08', '8', '1', '1'),
('2023-11-09', '8', '1', '1'),
('2023-11-10', '8', '1', '1'),
('2023-11-13', '8', '1', '1'),
('2023-11-14', '8', '1', '1'),
('2023-11-15', '8', '1', '1'),
('2023-11-16', '8', '1', '1'),
('2023-11-17', '8', '1', '1'),
('2023-11-20', '8', '1', '1'),
('2023-11-21', '8', '1', '1'),
('2023-11-22', '8', '1', '1'),
('2023-11-23', '8', '1', '1'),
('2023-11-24', '8', '1', '1'),
('2023-11-27', '8', '1', '1'),
('2023-11-28', '8', '1', '1'),
('2023-11-29', '8', '1', '1'),
('2023-11-30', '8', '1', '1'),
('2023-11-01', '4', '2', '1'),
('2023-11-01', '4', '2', '2'),
('2023-11-02', '4', '2', '1'),
('2023-11-02', '4', '2', '2'),
('2023-11-03', '8', '2', '2'),
('2023-11-06', '8', '2', '1'),
('2023-11-07', '8', '2', '1'),
('2023-11-08', '8', '2', '1'),
('2023-11-09', '8', '2', '1'),
('2023-11-10', '8', '2', '1'),
('2023-11-13', '8', '2', '1'),
('2023-11-14', '8', '2', '1'),
('2023-11-15', '8', '2', '1'),
('2023-11-16', '8', '2', '1'),
('2023-11-17', '8', '2', '1'),
('2023-11-20', '8', '2', '1'),
('2023-11-21', '8', '2', '1'),
('2023-11-22', '8', '2', '1'),
('2023-11-23', '8', '2', '1'),
('2023-11-24', '8', '2', '1'),
('2023-11-27', '8', '2', '1'),
('2023-11-28', '8', '2', '1'),
('2023-11-29', '8', '2', '2'),
('2023-11-30', '4', '2', '2'),
('2023-11-30', '4', '2', '1'),
('2023-11-01', '8', '3', '1'),
('2023-11-02', '8', '3', '1'),
('2023-11-03', '8', '3', '1'),
('2023-11-06', '8', '3', '1'),
('2023-11-07', '8', '3', '1'),
('2023-11-08', '8', '3', '1'),
('2023-11-09', '8', '3', '1'),
('2023-11-10', '8', '3', '1'),
('2023-11-13', '8', '3', '2'),
('2023-11-14', '8', '3', '2'),
('2023-11-15', '8', '3', '2'),
('2023-11-16', '8', '3', '2'),
('2023-11-17', '8', '3', '2'),
('2023-11-20', '8', '3', '2'),
('2023-11-21', '8', '3', '2'),
('2023-11-22', '8', '3', '2'),
('2023-11-23', '8', '3', '2'),
('2023-11-24', '8', '3', '2'),
('2023-11-27', '8', '3', '2'),
('2023-11-28', '8', '3', '2'),
('2023-11-29', '8', '3', '2'),
('2023-11-30', '8', '3', '2'),
('2023-11-01', '8', '4', '2'),
('2023-11-02', '8', '4', '2'),
('2023-11-07', '8', '4', '2'),
('2023-11-08', '8', '4', '2'),
('2023-11-09', '8', '4', '2'),
('2023-11-10', '8', '4', '2'),
('2023-11-13', '8', '4', '2'),
('2023-11-14', '8', '4', '2'),
('2023-11-15', '8', '4', '2'),
('2023-11-16', '8', '4', '2'),
('2023-11-17', '8', '4', '2'),
('2023-11-21', '8', '4', '2'),
('2023-11-22', '8', '4', '2'),
('2023-11-23', '8', '4', '2'),
('2023-11-24', '8', '4', '2'),
('2023-11-27', '8', '4', '2'),
('2023-11-28', '8', '4', '2'),
('2023-11-29', '8', '4', '2'),
('2023-11-30', '8', '4', '2');